{
    "LR=1E-07": {
        "area": 91.0,
        "elongation": 0.647845843877024,
        "compactness": 106000000.0,
        "sphericity": 0.6044973916562834,
        "solidity": 0.6934673366834171,
        "convexity": 0.8342696026714547,
        "circularity": 114000000.0,
        "density": 1.9722222222222223,
        "total_transcripts": 164.0,
        "total_genes": 58.0
    }
}