{
    "LR=1E-05": {
        "area": 64.0,
        "elongation": 0.6630667654338511,
        "compactness": 26.644237906793965,
        "sphericity": 0.6867572937966373,
        "solidity": 0.776937618147448,
        "convexity": 0.8885977079980031,
        "circularity": 0.4716355805828808,
        "density": 852.0,
        "total_transcripts": 586.0,
        "total_genes": 56.0
    },
    "LR=1E-06": {
        "area": 110.5,
        "elongation": 0.6382508690020311,
        "compactness": 32.00734336269867,
        "sphericity": 0.6265851783720733,
        "solidity": 0.7216981132075472,
        "convexity": 0.8375253504308827,
        "circularity": 0.3926089857555629,
        "density": 852.0,
        "total_transcripts": 586.0,
        "total_genes": 56.0
    },
    "LR=1E-07": {
        "area": 82.5,
        "elongation": 0.6484393824840834,
        "compactness": 30.74824785562202,
        "sphericity": 0.6392853400806238,
        "solidity": 0.7241379310344828,
        "convexity": 0.848241738036757,
        "circularity": 0.40868574604199875,
        "density": 852.0,
        "total_transcripts": 586.0,
        "total_genes": 56.0
    },
    "LR=1E-08": {
        "area": 71.0,
        "elongation": 0.6313839103720712,
        "compactness": 29.370349580622655,
        "sphericity": 0.6541093756803874,
        "solidity": 0.7307692307692307,
        "convexity": 0.8713494010641493,
        "circularity": 0.4278590753529861,
        "density": 852.0,
        "total_transcripts": 586.0,
        "total_genes": 56.0
    },
    "LR=1E-09": {
        "area": 86.0,
        "elongation": 0.6470821442412712,
        "compactness": 31.96246602214348,
        "sphericity": 0.6270249068485289,
        "solidity": 0.7141236528644356,
        "convexity": 0.8438087923261164,
        "circularity": 0.3931602338084063,
        "density": 852.0,
        "total_transcripts": 586.0,
        "total_genes": 56.0
    }
}