{
    "ugrad": {
        "area": 71.0,
        "elongation": 0.6415033042568936,
        "compactness": 27.78876418366167,
        "sphericity": 0.6724659753995901,
        "solidity": 0.755868544600939,
        "convexity": 0.8747111514297518,
        "circularity": 0.4522104880701221
    }
}