{
    "LR=1E-05": {
        "area": 80.5,
        "elongation": 0.640304946141875,
        "compactness": 89847602.1783088,
        "sphericity": 0.6565897795687903,
        "solidity": 0.7448979591836735,
        "convexity": 0.8664122122157023,
        "circularity": 134494407.27442524,
        "density": 1.9722222222222223,
        "total_transcripts": 163.17587939698493,
        "total_genes": 58.0
    },
    "LR=1E-06": {
        "area": 103.75,
        "elongation": 0.6499652159202944,
        "compactness": 102309563.04772873,
        "sphericity": 0.6153060920623921,
        "solidity": 0.7084815228420641,
        "convexity": 0.8420402335755558,
        "circularity": 118113551.82341856,
        "density": 1.9722222222222223,
        "total_transcripts": 167.43383584589614,
        "total_genes": 61.0
    },
    "LR=1E-07": {
        "area": 91.0,
        "elongation": 0.647845843877024,
        "compactness": 106000000.0,
        "sphericity": 0.6044973916562834,
        "solidity": 0.6934673366834171,
        "convexity": 0.8342696026714547,
        "circularity": 114000000.0,
        "density": 1.9722222222222223,
        "total_transcripts": 164.0,
        "total_genes": 58.0
    },
    "LR=1E-08": {
        "area": 57.5,
        "elongation": 0.6219749130033116,
        "compactness": 76929695.8992603,
        "sphericity": 0.7095783497060033,
        "solidity": 0.7900552486187845,
        "convexity": 0.9153449507977602,
        "circularity": 157078483.91632843,
        "density": 1.9722222222222223,
        "total_transcripts": 150.95142378559464,
        "total_genes": 50.0
    },
    "LR=1E-09": {
        "area": 78.0,
        "elongation": 0.6252957811285597,
        "compactness": 97308431.56439559,
        "sphericity": 0.6309173000450202,
        "solidity": 0.7071069182389937,
        "convexity": 0.8627089225670251,
        "circularity": 124182691.02748099,
        "density": 1.9722222222222223,
        "total_transcripts": 157.81909547738692,
        "total_genes": 56.0
    }
}