{
    "Default Summation": {
        "total_transcripts": 257.9856,
        "total_genes": 70.7696,
        "area": 188.0164,
        "elongation": 0.7958000000000001,
        "compactness": 93652000.0,
        "sphericity": 0.5959999999999999,
        "solidity": 0.8166,
        "convexity": 0.9280000000000002,
        "circularity": 104574000.0,
        "density": 2.4088000000000003
    },
    "Aligned-MTL (Median-Scaled)": {
        "total_transcripts": 261.2154,
        "total_genes": 71.4956,
        "area": 186.4322,
        "elongation": 0.7914000000000001,
        "compactness": 91620000.0,
        "sphericity": 0.5968,
        "solidity": 0.807,
        "convexity": 0.9252,
        "circularity": 103612000.0,
        "density": 2.268
    },
    "Aligned-MTL (Min-Scaled)": {
        "total_transcripts": 247.1368,
        "total_genes": 69.3158,
        "area": 177.6392,
        "elongation": 0.8148,
        "compactness": 98944000.0,
        "sphericity": 0.596,
        "solidity": 0.8228,
        "convexity": 0.9298,
        "circularity": 109080000.0,
        "density": 2.322
    },
    "STCH (\u03bc = 0.0005)": {
        "total_transcripts": 233.3866,
        "total_genes": 67.534,
        "area": 169.63899999999998,
        "elongation": 0.7974,
        "compactness": 98876000.0,
        "sphericity": 0.5964,
        "solidity": 0.8119999999999999,
        "convexity": 0.9282,
        "circularity": 108194000.0,
        "density": 2.5637999999999996
    },
    "UGrad": {
        "total_transcripts": 595.8,
        "total_genes": 60.1,
        "area": 93.8,
        "elongation": 0.6550998086596971,
        "compactness": 27.186757896592717,
        "sphericity": 0.6817651755434735,
        "solidity": 0.7711296603417825,
        "convexity": 0.8751034236593211,
        "circularity": 0.4656632129460111,
        "density": 6.212624141084388
    }
}