{
    "cagrad": {
        "area": 86.0,
        "elongation": 0.6470821442412712,
        "compactness": 31.96246602214348,
        "sphericity": 0.6270249068485289,
        "solidity": 0.7141236528644356,
        "convexity": 0.8438087923261164,
        "circularity": 0.3931602338084063
    }
}