{
    "LR=1E-05": {
        "area": 67.75,
        "elongation": 0.6467079559266392,
        "compactness": 26.807524179958694,
        "sphericity": 0.6846629576279204,
        "solidity": 0.7729927126032923,
        "convexity": 0.8869024690620724,
        "circularity": 0.46876354761423555,
        "density": 43.63001745200698
    },
    "LR=1E-06": {
        "area": 107.5,
        "elongation": 0.6556428191070924,
        "compactness": 32.35998461200552,
        "sphericity": 0.6231617425894636,
        "solidity": 0.7183947772657451,
        "convexity": 0.8386942749879489,
        "circularity": 0.3883305599853839,
        "density": 43.63001745200698
    },
    "LR=1E-07": {
        "area": 50.5,
        "elongation": 0.6270451869766988,
        "compactness": 23.313708287349826,
        "sphericity": 0.7341744270577933,
        "solidity": 0.8160919540229885,
        "convexity": 0.9191986049185058,
        "circularity": 0.5390120893456392,
        "density": 43.63001745200698
    },
    "LR=1E-08": {
        "area": 80.25,
        "elongation": 0.6491155254395509,
        "compactness": 31.267586798500947,
        "sphericity": 0.6339540734413999,
        "solidity": 0.709922279792746,
        "convexity": 0.8596487258085197,
        "circularity": 0.40189779608839404,
        "density": 43.63001745200698
    },
    "LR=1E-09": {
        "area": 69.0,
        "elongation": 0.626540431631849,
        "compactness": 30.344773128189104,
        "sphericity": 0.6435216077561594,
        "solidity": 0.7215184836866093,
        "convexity": 0.8734526395769602,
        "circularity": 0.414120154597074,
        "density": 43.63001745200698
    }
}